{"cameraMode":{"drawMode":0,"name":"Shaded","section":"Shading Mode"},"sceneLighting":false,"audioPlay":false,"sceneViewState":{"m_AlwaysRefresh":false,"showFog":true,"showSkybox":true,"showFlares":true,"showImageEffects":true,"showParticleSystems":true,"showVisualEffectGraphs":true,"m_FxEnabled":true},"in2DMode":false,"pivot":{"x":-0.6603025197982788,"y":4.968791484832764,"z":-0.2625155448913574},"rotation":{"x":-0.002667298074811697,"y":-0.9962847828865051,"z":0.07937196642160416,"w":-0.033489860594272616},"size":8.456095695495606,"orthographic":true}